date,open,high,low,close,adjclose,volume
2016-03-11,154.5,155.0,153.0,155.0,129.13,29566000.0
2016-03-14,156.5,157.5,155.5,156.0,129.97,32751000.0
2016-03-15,155.0,156.5,153.0,154.5,128.72,28689000.0
2016-03-16,155.5,156.0,154.0,156.0,129.97,30962000.0
2016-03-17,159.5,160.0,157.5,158.5,132.05,48193000.0
2016-03-18,158.5,159.5,158.5,159.5,132.88,55975000.0
2016-03-21,160.0,160.0,158.0,160.0,133.3,26100000.0
2016-03-22,159.5,159.5,157.0,158.5,132.05,25809000.0
2016-03-23,158.5,159.5,158.0,159.5,132.88,27478000.0
2016-03-24,158.0,159.0,157.0,158.5,132.05,24853000.0
2016-03-25,158.5,159.0,157.0,158.0,131.63,10175000.0
2016-03-28,158.0,159.0,157.0,159.0,132.47,15268000.0
2016-03-29,158.5,159.5,158.0,159.0,132.47,18977000.0
2016-03-30,158.5,162.0,158.5,161.5,134.55,43616000.0
2016-03-31,162.0,163.0,159.0,162.0,134.97,49433000.0
2016-04-01,161.0,161.0,157.5,158.5,132.05,31564000.0
2016-04-06,155.5,156.0,153.5,153.5,127.88,58134000.0
2016-04-07,155.0,155.0,152.5,154.5,128.72,35238000.0
2016-04-08,154.0,158.0,154.0,157.5,131.22,41032000.0
2016-04-11,156.0,159.0,155.5,158.5,132.05,21758000.0
2016-04-12,157.5,159.5,157.5,158.5,132.05,14859000.0
2016-04-13,160.0,162.0,159.5,161.5,134.55,39611000.0
2016-04-14,162.0,162.5,160.0,161.5,134.55,31338000.0
2016-04-15,157.0,160.0,156.0,159.5,132.88,48779000.0
2016-04-18,158.0,158.5,157.5,158.0,131.63,20279000.0
2016-04-19,160.0,161.0,157.0,157.5,131.22,26577000.0
2016-04-20,157.5,158.0,154.0,154.0,128.3,40996000.0
2016-04-21,156.0,157.0,154.0,157.0,130.8,29723000.0
2016-04-22,155.5,158.0,155.0,156.5,130.38,28990000.0
2016-04-25,156.5,157.5,156.0,157.5,131.22,14306000.0
2016-04-26,156.5,158.5,156.5,158.0,131.63,18119000.0
2016-04-27,156.0,157.5,155.5,156.5,130.38,28845000.0
2016-04-28,157.5,158.0,153.0,153.0,127.47,48915000.0
2016-04-29,151.0,151.0,149.0,150.0,124.97,66445000.0
2016-05-03,148.0,148.5,146.5,147.5,122.89,68550000.0
2016-05-04,147.0,149.0,146.5,147.0,122.47,52973000.0
2016-05-05,147.5,148.5,146.0,147.5,122.89,38269000.0
2016-05-06,148.5,148.5,147.0,148.0,123.3,36510000.0
2016-05-09,148.5,149.0,146.5,147.5,122.89,38478000.0
2016-05-10,147.0,148.0,146.5,147.0,122.47,29785000.0
2016-05-11,148.5,149.0,146.5,147.0,122.47,40057000.0
2016-05-12,147.0,148.0,146.0,146.0,121.64,23749000.0
2016-05-13,145.0,145.5,143.0,144.0,119.97,60038000.0
2016-05-16,143.0,145.5,143.0,144.5,120.39,31133000.0
2016-05-17,145.5,147.0,145.0,147.0,122.47,30277000.0
2016-05-18,146.0,147.0,145.0,147.0,122.47,31057000.0
2016-05-19,148.0,148.5,145.5,147.0,122.47,35132000.0
2016-05-20,147.5,149.5,147.0,148.5,123.72,36306000.0
2016-05-23,150.5,154.5,149.5,154.0,128.3,50127000.0
2016-05-24,152.5,153.5,151.0,151.0,125.8,24470000.0
2016-05-25,153.5,155.0,152.5,154.5,128.72,30719000.0
2016-05-26,154.5,155.0,153.5,155.0,129.13,17196000.0
2016-05-27,156.0,156.5,154.5,156.5,130.38,22992000.0
2016-05-30,157.0,158.0,155.0,157.0,130.8,36339000.0
2016-05-31,156.5,157.5,155.0,156.5,130.38,69656000.0
2016-06-01,156.0,159.0,156.0,159.0,132.47,26926000.0
2016-06-02,159.0,160.0,158.0,159.0,132.47,21977000.0
2016-06-03,159.0,160.5,159.0,160.5,133.72,31853000.0
2016-06-04,,,,,,
2016-06-06,161.0,162.0,160.0,161.0,134.13,28757000.0
2016-06-07,161.5,163.5,161.0,162.0,134.97,47046000.0
2016-06-08,164.0,166.0,163.5,165.5,137.88,45214000.0
2016-06-13,161.0,162.5,161.0,162.0,134.97,48750000.0
2016-06-14,161.0,163.0,161.0,162.0,134.97,27509000.0
2016-06-15,162.0,163.0,161.0,163.0,135.8,29270000.0
2016-06-16,161.5,162.5,159.5,160.5,133.72,24408000.0
2016-06-17,162.5,164.5,162.0,163.0,135.8,30633000.0
2016-06-20,164.5,165.0,163.0,163.0,135.8,24911000.0
2016-06-21,164.0,165.5,163.5,165.5,137.88,27970000.0
2016-06-22,164.5,166.0,163.5,166.0,138.3,30359000.0
2016-06-23,165.5,166.0,164.0,164.0,136.63,22494000.0
2016-06-24,164.0,164.0,154.5,159.0,132.47,86547000.0
2016-06-27,154.5,156.0,154.0,155.5,134.63,42874000.0
2016-06-28,155.5,157.5,155.0,157.0,135.93,1327000.0
2016-06-29,158.5,160.0,158.0,159.0,137.66,31514000.0
2016-06-30,161.0,163.0,159.5,162.5,140.69,42398000.0
2016-07-01,164.5,166.0,163.5,166.0,143.72,36212000.0
2016-07-04,165.5,166.5,164.5,166.0,143.72,25724000.0
2016-07-05,165.0,165.5,164.0,164.0,141.99,16346000.0
2016-07-06,163.0,163.0,160.5,161.5,139.83,34803000.0
2016-07-07,163.5,165.0,163.0,164.5,142.42,23769000.0
2016-07-08,164.5,164.5,164.5,164.5,142.42,0.0
2016-07-11,170.0,170.5,168.5,170.0,147.18,50643000.0
2016-07-12,171.0,171.5,169.5,171.0,148.05,41961000.0
2016-07-13,169.5,170.0,167.0,168.5,145.89,50653000.0
2016-07-14,167.0,170.0,167.0,169.0,146.32,34790000.0
2016-07-15,168.0,169.5,166.5,169.5,146.75,41546000.0
2016-07-18,168.0,170.0,168.0,169.5,146.75,24749000.0
2016-07-19,170.5,170.5,169.0,170.5,147.62,42456000.0
2016-07-20,170.0,170.5,169.0,170.0,147.18,38053000.0
2016-07-21,171.0,172.0,170.0,172.0,148.92,33130000.0
2016-07-22,172.0,172.0,170.5,171.0,148.05,28504000.0
2016-07-25,172.0,173.0,169.0,171.5,148.48,27145000.0
2016-07-26,172.0,173.0,171.5,173.0,149.78,32685000.0
2016-07-27,175.0,176.0,174.5,175.0,151.51,34117000.0
2016-07-28,175.0,176.5,173.0,176.5,152.81,31071000.0
2016-07-29,177.0,177.0,172.5,172.5,149.35,29795000.0
2016-08-01,175.0,177.0,174.5,177.0,153.25,34188000.0
2016-08-02,177.5,177.5,175.5,176.0,152.38,15250000.0
2016-08-03,172.5,174.0,172.0,172.5,149.35,21627000.0
2016-08-04,173.0,174.5,172.5,174.5,151.08,13612000.0
2016-08-05,175.0,177.5,174.0,177.0,153.25,25759000.0
2016-08-08,178.0,178.0,176.5,178.0,154.11,16200000.0
2016-08-09,178.5,179.5,177.0,178.5,154.54,16413000.0
2016-08-10,179.0,179.5,178.0,179.5,155.41,19279000.0
2016-08-11,177.5,178.0,175.5,176.5,152.81,28180000.0
2016-08-12,178.5,178.5,177.0,177.5,153.68,22947000.0
2016-08-15,178.5,179.0,177.5,179.0,154.98,12020000.0
2016-08-16,178.0,179.0,175.0,175.5,151.95,34260000.0
2016-08-17,177.0,177.5,176.0,177.0,153.25,21487000.0
2016-08-18,176.0,176.5,175.0,176.0,152.38,27253000.0
2016-08-19,177.0,177.5,174.0,174.5,151.08,23470000.0
2016-08-22,173.0,174.0,171.5,172.5,149.35,21337000.0
2016-08-23,174.0,175.0,173.5,175.0,151.51,20888000.0
2016-08-24,175.0,175.5,173.5,173.5,150.21,12092000.0
2016-08-25,175.0,177.0,174.5,176.5,152.81,23892000.0
2016-08-26,175.0,177.0,175.0,177.0,153.25,15076000.0
2016-08-29,175.0,177.0,174.0,176.0,152.38,16975000.0
2016-08-30,176.0,176.5,174.0,174.0,150.65,19471000.0
2016-08-31,176.5,177.0,174.5,176.5,152.81,38524000.0
2016-09-01,176.0,176.0,173.0,174.0,150.65,22692000.0
2016-09-02,176.5,176.5,174.0,174.0,150.65,16999000.0
2016-09-05,176.5,177.5,176.5,177.0,153.25,22381000.0
2016-09-06,177.0,179.0,176.5,178.0,154.11,26024000.0
2016-09-07,180.5,185.0,180.0,185.0,160.17,49761000.0
2016-09-08,182.5,184.5,182.5,183.0,158.44,30204000.0
2016-09-09,181.0,181.0,179.5,180.5,156.28,29793000.0
2016-09-10,,,,,,
2016-09-12,177.5,177.5,174.0,175.5,151.95,43036000.0
2016-09-13,176.5,176.5,173.5,175.5,151.95,36834000.0
2016-09-14,174.0,176.0,173.5,174.0,150.65,52877000.0
2016-09-19,179.5,183.0,178.5,183.0,158.44,57055000.0
2016-09-20,182.0,183.5,181.5,183.5,158.87,23641000.0
2016-09-21,181.0,184.0,180.5,184.0,159.31,25008000.0
2016-09-22,185.0,185.5,183.5,185.0,160.17,20980000.0
2016-09-23,185.0,187.5,184.5,187.0,161.9,23213000.0
2016-09-26,183.5,185.0,183.0,183.5,158.87,24225000.0
2016-09-27,183.5,183.5,183.5,183.5,158.87,0.0
2016-09-28,183.5,183.5,183.5,183.5,158.87,0.0
2016-09-29,185.5,187.5,185.5,187.0,161.9,54272000.0
2016-09-30,185.5,186.5,182.5,184.0,159.31,42592000.0
2016-10-03,186.0,186.5,184.5,186.0,161.04,17742000.0
2016-10-04,185.0,187.0,185.0,187.0,161.9,16859000.0
2016-10-05,186.0,186.0,184.5,186.0,161.04,19148000.0
2016-10-06,185.0,187.5,185.0,187.5,162.34,15524000.0
2016-10-07,188.0,188.0,186.0,188.0,162.77,15380000.0
2016-10-11,191.0,191.0,186.0,187.5,162.34,30294000.0
2016-10-12,186.5,190.0,186.0,189.5,164.07,22604000.0
2016-10-13,190.5,191.0,187.0,188.5,163.2,37642000.0
2016-10-14,187.0,189.0,186.5,188.0,162.77,33248000.0
2016-10-17,186.5,187.5,185.0,186.5,161.47,37340000.0
2016-10-18,186.5,187.0,185.5,187.0,161.9,38150000.0
2016-10-19,187.5,189.5,187.5,189.5,164.07,33272000.0
2016-10-20,189.5,190.5,189.0,190.5,164.93,13226000.0
2016-10-21,191.0,192.0,188.5,188.5,163.2,21936000.0
2016-10-24,191.0,191.0,189.5,191.0,165.37,13459000.0
2016-10-25,192.0,193.0,191.0,193.0,167.1,18878000.0
2016-10-26,190.5,192.5,190.5,191.5,165.8,21043000.0
2016-10-27,191.5,191.5,188.5,188.5,163.2,26231000.0
2016-10-28,189.5,190.0,188.5,189.5,164.07,24348000.0
2016-10-31,189.0,190.5,186.5,188.5,163.2,25330000.0
2016-11-01,188.5,189.5,187.5,189.5,164.07,14290000.0
2016-11-02,187.5,188.0,186.0,186.0,161.04,16488000.0
2016-11-03,185.5,186.5,184.5,184.5,159.74,25038000.0
2016-11-04,184.5,186.0,184.0,184.5,159.74,14860000.0
2016-11-07,186.5,189.0,186.0,189.0,163.63,21332000.0
2016-11-08,190.0,190.0,188.0,188.5,163.2,15437000.0
2016-11-09,190.0,190.5,182.0,182.0,157.57,55541000.0
2016-11-10,187.0,188.0,185.5,185.5,160.6,38234000.0
2016-11-11,181.5,183.0,181.0,181.5,157.14,67603000.0
2016-11-14,181.0,182.0,180.0,180.5,156.28,47989000.0
2016-11-15,179.5,182.0,179.0,180.0,155.84,33505000.0
2016-11-16,180.5,183.0,180.0,180.0,155.84,34833000.0
2016-11-17,182.0,182.5,180.5,181.5,157.14,22434000.0
2016-11-18,181.5,181.5,180.0,181.0,156.71,22474000.0
2016-11-21,180.5,181.5,180.0,181.0,156.71,15600000.0
2016-11-22,182.0,185.0,181.5,184.0,159.31,27599000.0
2016-11-23,184.5,186.5,184.0,185.5,160.6,22128000.0
2016-11-24,184.0,185.0,183.0,183.0,158.44,14980000.0
2016-11-25,182.5,183.5,182.0,182.0,157.57,10116000.0
2016-11-28,181.5,184.0,181.5,184.0,159.31,19096000.0
2016-11-29,183.5,185.0,182.0,182.0,157.57,24408000.0
2016-11-30,181.5,183.0,181.5,183.0,158.44,39671000.0
2016-12-01,182.0,183.0,181.5,183.0,158.44,13908000.0
2016-12-02,179.0,179.5,178.0,178.0,154.11,53836000.0
2016-12-05,178.0,180.0,178.0,179.0,154.98,29191000.0
2016-12-06,181.0,183.0,180.5,182.0,157.57,27309000.0
2016-12-07,183.0,183.5,181.5,181.5,157.14,14110000.0
2016-12-08,184.0,185.5,183.0,185.5,160.6,27257000.0
2016-12-09,186.0,186.0,184.5,186.0,161.04,24867000.0
2016-12-12,186.0,187.0,184.0,185.0,160.17,18796000.0
2016-12-13,186.5,186.5,184.5,186.0,161.04,23591000.0
2016-12-14,186.5,187.5,185.5,187.5,162.34,16571000.0
2016-12-15,185.0,187.5,184.5,187.0,161.9,22803000.0
2016-12-16,185.5,187.0,185.0,185.0,160.17,35985000.0
2016-12-19,184.0,184.5,182.5,182.5,158.01,20535000.0
2016-12-20,181.0,182.5,180.0,182.5,158.01,24139000.0
2016-12-21,181.0,182.0,180.0,180.0,155.84,29690000.0
2016-12-22,180.0,180.5,179.0,179.0,154.98,26269000.0
2016-12-23,179.0,180.0,178.5,178.5,154.54,22961000.0
2016-12-26,179.0,180.0,179.0,179.5,155.41,5675000.0
2016-12-27,180.0,180.5,179.5,180.0,155.84,8252000.0
2016-12-28,181.0,182.0,180.5,182.0,157.57,21226000.0
2016-12-29,180.0,181.5,180.0,180.0,155.84,30200000.0
2016-12-30,181.0,182.5,180.0,181.5,157.14,36610000.0
2017-01-03,181.5,183.5,181.0,183.0,158.44,22630000.0
2017-01-04,183.0,184.0,181.5,183.0,158.44,24369000.0
2017-01-05,182.0,183.5,181.5,183.5,158.87,20979000.0
2017-01-06,184.0,184.5,183.5,184.0,159.31,22443000.0
2017-01-09,184.0,185.0,183.0,184.0,159.31,18569000.0
2017-01-10,184.5,185.5,183.5,184.0,159.31,20198000.0
2017-01-11,185.0,185.0,181.5,182.0,157.57,29107000.0
2017-01-12,182.5,185.5,182.5,184.5,159.74,41130000.0
2017-01-13,180.5,182.5,180.5,181.5,157.14,52352000.0
2017-01-16,180.0,180.5,179.0,179.5,155.41,30756000.0
2017-01-17,180.5,181.0,179.5,181.0,156.71,13159000.0
2017-01-18,180.5,181.0,179.5,181.0,156.71,23693000.0
2017-01-19,179.5,181.0,179.5,180.5,156.28,24627000.0
2017-01-20,181.0,181.5,180.5,181.0,156.71,23429000.0
2017-01-23,182.5,185.0,182.5,185.0,160.17,36992000.0
2017-01-24,185.0,186.5,184.5,185.5,160.6,55022000.0
2017-02-02,188.0,188.5,184.0,184.5,159.74,94089000.0
2017-02-03,186.0,186.0,183.5,184.5,159.74,29518000.0
2017-02-06,184.5,185.5,184.0,184.5,159.74,24779000.0
2017-02-07,183.5,185.0,183.0,184.5,159.74,23616000.0
2017-02-08,183.5,184.5,183.0,183.5,158.87,29168000.0
2017-02-09,184.0,185.5,183.5,184.0,159.31,18967000.0
2017-02-10,184.5,185.5,184.0,185.5,160.6,34747000.0
2017-02-13,186.5,188.0,186.5,187.5,162.34,25124000.0
2017-02-14,189.0,190.0,187.5,187.5,162.34,45696000.0
2017-02-15,187.0,189.5,186.5,189.0,163.63,39347000.0
2017-02-16,190.0,190.5,188.0,189.0,163.63,27018000.0
2017-02-17,190.0,190.5,189.0,189.5,164.07,20389000.0
2017-02-18,,,,,,
2017-02-20,190.0,190.5,189.5,190.0,164.5,13254000.0
2017-02-21,190.0,190.0,188.5,190.0,164.5,31159000.0
2017-02-22,190.5,191.0,188.5,188.5,163.2,25677000.0
2017-02-23,188.0,189.5,187.0,188.5,163.2,35725000.0
2017-02-24,187.5,190.5,187.5,189.0,163.63,22766000.0
2017-03-01,188.5,188.5,186.0,186.0,161.04,46186000.0
2017-03-02,188.0,188.5,185.0,186.0,161.04,39980000.0
2017-03-03,184.5,185.0,184.0,184.0,159.31,28197000.0
2017-03-06,184.0,184.5,183.5,183.5,158.87,12531000.0
2017-03-07,184.0,185.5,184.0,185.5,160.6,18812000.0
2017-03-08,186.0,188.0,185.5,187.0,161.9,31791000.0
2017-03-09,185.5,186.0,184.0,184.5,159.74,28489000.0
2017-03-10,184.0,184.5,183.0,183.5,158.87,20053000.0
2017-03-13,185.0,186.5,185.0,186.5,161.47,10487000.0
2017-03-14,188.0,188.0,186.0,186.0,161.04,22245000.0
2017-03-15,185.5,187.0,185.5,186.5,161.47,14131000.0
2017-03-16,188.0,190.0,188.0,190.0,164.5,31507000.0
2017-03-17,189.5,191.5,189.0,191.5,165.8,33764000.0
2017-03-20,191.5,191.5,189.5,191.5,165.8,16215000.0
2017-03-21,192.0,195.0,191.5,195.0,168.83,32246000.0
2017-03-22,192.5,193.5,191.5,193.5,167.53,27396000.0
2017-03-23,192.0,193.5,192.0,193.5,167.53,18472000.0
2017-03-24,192.0,193.0,192.0,192.5,166.66,17541000.0
2017-03-27,194.5,194.5,192.0,193.0,167.1,29251000.0
2017-03-28,195.0,195.0,192.5,194.5,168.4,38259000.0
2017-03-29,194.5,194.5,191.0,191.5,165.8,33374000.0
2017-03-30,192.5,193.0,190.5,191.5,165.8,28302000.0
2017-03-31,191.0,192.0,189.0,189.0,163.63,33635000.0
2017-04-05,189.5,193.0,189.5,193.0,167.1,43748000.0
2017-04-06,193.0,193.0,191.0,191.5,165.8,16173000.0
2017-04-07,192.0,192.0,188.5,191.0,165.37,18911000.0
2017-04-10,191.0,191.5,189.5,190.0,164.5,17024000.0
2017-04-11,190.0,191.0,189.0,191.0,165.37,8441000.0
2017-04-12,190.5,191.5,190.0,191.0,165.37,17283000.0
2017-04-13,189.5,192.0,189.5,191.5,165.8,14771000.0
2017-04-14,189.5,189.5,188.0,189.0,163.63,30701000.0
2017-04-17,189.0,189.0,187.5,187.5,162.34,17096000.0
2017-04-18,188.0,189.5,187.5,188.0,162.77,25063000.0
2017-04-19,187.5,187.5,186.5,186.5,161.47,30477000.0
2017-04-20,186.5,188.0,186.5,187.0,161.9,21488000.0
2017-04-21,187.5,190.0,187.5,190.0,164.5,17373000.0
2017-04-24,191.0,191.5,188.5,190.0,164.5,19317000.0
2017-04-25,190.5,192.0,189.5,192.0,166.23,31932000.0
2017-04-26,192.0,192.0,190.5,191.0,165.37,29909000.0
2017-04-27,192.0,193.0,190.5,193.0,167.1,27940000.0
2017-04-28,193.5,194.5,193.0,194.5,168.4,34852000.0
2017-05-02,198.5,199.0,195.5,196.5,170.13,44119000.0
2017-05-03,198.0,198.5,197.0,198.0,171.43,25723000.0
2017-05-04,198.5,199.0,197.0,198.0,171.43,22088000.0
2017-05-05,197.0,198.5,197.0,197.5,170.99,17036000.0
2017-05-08,199.0,202.5,199.0,202.5,175.32,36538000.0
2017-05-09,205.5,207.0,203.5,203.5,176.19,48077000.0
2017-05-10,204.0,206.0,204.0,205.5,177.92,28312000.0
2017-05-11,204.5,208.5,204.0,207.5,179.65,43718000.0
2017-05-12,205.0,207.0,205.0,206.0,178.35,25009000.0
2017-05-15,204.0,206.0,204.0,206.0,178.35,25666000.0
2017-05-16,205.0,205.0,203.5,204.5,177.05,33224000.0
2017-05-17,203.0,204.0,203.0,204.0,176.62,21567000.0
2017-05-18,202.5,204.0,201.5,203.5,176.19,22461000.0
2017-05-19,203.5,204.5,202.5,203.0,175.76,16492000.0
2017-05-22,203.5,205.0,203.0,205.0,177.49,13726000.0
2017-05-23,205.0,207.0,204.5,205.0,177.49,19991000.0
2017-05-24,205.0,206.0,205.0,205.5,177.92,13380000.0
2017-05-25,206.0,207.0,205.5,207.0,179.22,22328000.0
2017-05-26,205.0,207.0,205.0,207.0,179.22,32514000.0
2017-05-31,206.5,207.0,203.0,203.0,175.76,67475000.0
2017-06-01,205.0,207.0,204.5,207.0,179.22,27589000.0
2017-06-02,208.5,209.0,207.5,209.0,180.95,22573000.0
2017-06-03,,,,,,
2017-06-05,209.5,212.0,209.0,212.0,183.55,21457000.0
2017-06-06,210.5,211.5,210.5,210.5,182.25,14912000.0
2017-06-07,212.0,212.5,210.0,211.5,183.11,29514000.0
2017-06-08,212.0,213.0,211.5,213.0,184.41,18437000.0
2017-06-09,214.5,215.0,212.0,212.0,183.55,31774000.0
2017-06-12,207.0,210.0,207.0,207.5,179.65,58256000.0
2017-06-13,207.0,208.5,206.5,208.0,180.08,43566000.0
2017-06-14,208.5,209.5,206.0,207.0,179.22,36293000.0
2017-06-15,207.5,208.0,207.0,208.0,180.08,17748000.0
2017-06-16,207.5,212.0,207.0,211.5,183.11,32816000.0
2017-06-19,211.0,213.0,210.5,213.0,184.41,15632000.0
2017-06-20,215.0,218.0,214.5,216.5,187.44,28630000.0
2017-06-21,216.0,217.0,214.5,215.5,186.58,44789000.0
2017-06-22,217.0,218.0,216.5,218.0,188.74,24139000.0
2017-06-23,218.0,218.5,217.0,217.0,187.88,39621000.0
2017-06-26,212.0,215.0,212.0,215.0,192.35,58686000.0
2017-06-27,214.0,214.0,211.0,211.5,189.22,43269000.0
2017-06-28,209.5,210.0,208.0,208.5,186.53,48568000.0
2017-06-29,210.5,210.5,208.5,210.0,187.88,26019000.0
2017-06-30,206.5,208.5,206.5,208.5,186.53,30867000.0
2017-07-03,207.5,209.0,207.0,209.0,186.98,19027000.0
2017-07-04,208.0,208.5,207.0,207.0,185.19,21132000.0
2017-07-05,207.0,208.5,206.5,208.5,186.53,23276000.0
2017-07-06,208.0,208.5,207.0,207.5,185.64,15242000.0
2017-07-07,207.0,207.5,205.5,206.0,184.3,20655000.0
2017-07-10,206.5,207.0,206.0,206.0,184.3,13292000.0
2017-07-11,208.0,212.0,207.5,212.0,189.67,33265000.0
2017-07-12,211.0,212.5,210.5,210.5,188.32,26426000.0
2017-07-13,212.0,216.0,211.5,214.5,191.9,50090000.0
2017-07-14,213.0,214.5,212.0,213.0,190.56,22335000.0
2017-07-17,215.0,215.5,211.5,213.0,190.56,21372000.0
2017-07-18,213.0,214.0,212.0,214.0,191.46,18613000.0
2017-07-19,212.5,215.0,212.5,214.5,191.9,20637000.0
2017-07-20,215.0,215.5,214.0,215.5,192.8,20770000.0
2017-07-21,214.0,215.0,213.5,214.0,191.46,15032000.0
2017-07-24,213.5,214.5,213.0,214.5,191.9,19972000.0
2017-07-25,214.0,214.5,213.5,214.0,191.46,13344000.0
2017-07-26,215.0,215.0,212.5,213.0,190.56,14684000.0
2017-07-27,213.5,216.0,213.5,215.5,192.8,23013000.0
2017-07-28,213.0,214.0,212.5,213.0,190.56,19724000.0
2017-07-31,211.5,214.5,211.5,214.5,191.9,19993000.0
2017-08-01,212.5,214.0,212.0,212.0,189.67,19704000.0
2017-08-02,214.0,216.0,214.0,216.0,193.24,27320000.0
2017-08-03,213.0,214.0,212.5,213.5,191.01,25694000.0
2017-08-04,213.5,214.0,212.5,213.0,190.56,21831000.0
2017-08-07,213.5,216.5,213.5,216.0,193.24,21564000.0
2017-08-08,217.5,219.0,216.0,217.5,194.59,25122000.0
2017-08-09,215.0,215.5,213.5,214.5,191.9,28050000.0
2017-08-10,215.5,215.5,212.5,214.0,191.46,26273000.0
2017-08-11,211.0,213.5,210.5,212.5,190.11,41417000.0
2017-08-14,213.5,214.0,210.0,211.0,188.77,29299000.0
2017-08-15,213.0,214.5,213.0,214.0,191.46,13512000.0
2017-08-16,214.5,214.5,211.0,213.0,190.56,25176000.0
2017-08-17,213.5,214.0,213.0,214.0,191.46,8334000.0
2017-08-18,212.0,213.0,211.0,212.5,190.11,13711000.0
2017-08-21,212.5,213.0,211.5,211.5,189.22,11882499.0
2017-08-22,213.5,214.5,213.0,214.5,191.9,14211415.0
2017-08-23,215.5,216.0,214.0,215.5,192.8,11589917.0
2017-08-24,216.0,217.0,215.5,217.0,194.14,15224842.0
2017-08-25,217.5,217.5,216.0,217.5,194.59,10125387.0
2017-08-28,215.0,216.5,215.0,216.0,193.24,15236159.0
2017-08-29,216.0,216.0,215.0,216.0,193.24,16160161.0
2017-08-30,216.0,218.0,216.0,217.5,194.59,19674310.0
2017-08-31,217.5,218.0,215.5,216.5,193.69,26434202.0
2017-09-01,215.0,217.5,215.0,216.5,193.69,17805405.0
2017-09-04,216.5,218.0,215.5,217.5,194.59,15023185.0
2017-09-05,218.0,218.0,216.5,218.0,195.03,17357347.0
2017-09-06,216.5,218.0,216.0,217.0,194.14,16012662.0
2017-09-07,218.0,218.5,216.0,217.0,194.14,19135540.0
2017-09-08,217.0,218.0,216.5,218.0,195.03,25512045.0
2017-09-11,219.0,219.5,216.5,217.0,194.14,19026886.0
2017-09-12,219.0,219.5,217.5,219.0,195.93,21588321.0
2017-09-13,217.5,219.0,217.5,218.0,195.03,17555541.0
2017-09-14,218.5,219.0,217.5,218.5,195.48,18315567.0
2017-09-15,218.5,219.0,217.0,218.5,195.48,44551103.0
2017-09-18,219.0,220.0,218.0,219.5,196.38,17654705.0
2017-09-19,221.5,221.5,220.0,221.5,198.17,23410233.0
2017-09-20,221.0,222.0,220.0,221.5,198.17,20320237.0
2017-09-21,221.0,223.0,220.0,221.0,197.72,18645565.0
2017-09-22,221.5,222.0,218.5,218.5,195.48,21557370.0
2017-09-25,217.5,218.5,217.0,217.0,194.14,16876286.0
2017-09-26,217.5,218.0,214.0,214.0,191.46,23070901.0
2017-09-27,217.5,217.5,215.0,215.0,192.35,22590510.0
2017-09-28,215.0,216.0,213.5,214.0,191.46,31616062.0
2017-09-29,216.0,217.5,215.5,216.5,193.69,21380708.0
2017-10-02,219.5,220.5,218.5,220.5,197.27,27983551.0
2017-10-03,219.0,223.0,219.0,222.5,199.06,36679938.0
2017-10-05,222.0,225.5,222.0,224.5,200.85,23349939.0
2017-10-06,225.0,225.5,223.5,224.5,200.85,15642516.0
2017-10-11,226.5,233.5,226.5,233.0,208.45,63667562.0
2017-10-12,235.0,237.5,234.5,237.5,212.48,42390186.0
2017-10-13,237.5,237.5,234.5,237.5,212.48,23145071.0
2017-10-16,237.5,238.0,236.0,238.0,212.93,19964072.0
2017-10-17,238.0,238.0,235.0,235.5,210.69,17652304.0
2017-10-18,239.5,239.5,237.0,237.5,212.48,28886850.0
2017-10-19,239.5,241.5,239.0,239.0,213.82,23481776.0
2017-10-20,238.0,239.5,237.5,237.5,212.48,24722035.0
2017-10-23,239.0,240.0,238.5,239.0,213.82,15772559.0
2017-10-24,240.0,240.0,238.0,238.0,212.93,14975093.0
2017-10-25,238.5,239.0,237.5,238.0,212.93,16880187.0
2017-10-26,237.0,238.0,236.0,236.0,211.14,12959717.0
2017-10-27,237.5,240.0,237.5,239.0,213.82,17773541.0
2017-10-30,242.0,245.0,241.5,243.0,217.4,27784990.0
2017-10-31,243.5,245.0,241.5,243.0,217.4,22582013.0
2017-11-01,243.5,245.0,241.5,242.5,216.95,20389054.0
2017-11-02,242.0,242.5,240.5,241.0,215.61,15810342.0
2017-11-03,240.5,241.0,238.5,239.0,213.82,16528682.0
2017-11-06,243.5,244.0,239.0,239.5,214.27,21029415.0
2017-11-07,242.0,244.0,241.5,244.0,218.29,20200261.0
2017-11-08,243.0,243.5,242.0,242.5,216.95,14129103.0
2017-11-09,240.5,243.0,240.0,241.0,215.61,20313949.0
2017-11-10,240.0,242.0,239.5,240.5,215.16,14121296.0
2017-11-13,240.0,241.5,239.5,239.5,214.27,12087858.0
2017-11-14,241.0,241.0,239.0,240.0,214.72,16880176.0
2017-11-15,239.0,239.5,236.0,237.5,212.48,28720308.0
2017-11-16,238.0,240.0,237.5,238.0,212.93,16487172.0
2017-11-17,240.5,242.5,240.5,241.5,216.06,18676825.0
2017-11-20,241.0,241.5,238.0,238.5,213.37,16265271.0
2017-11-21,240.0,243.0,239.5,243.0,217.4,20513024.0
2017-11-22,244.5,244.5,242.0,242.0,216.51,26626431.0
2017-11-23,242.0,243.5,241.5,242.5,216.95,9346763.0
2017-11-24,242.0,244.5,241.5,244.0,218.29,11154453.0
2017-11-27,240.0,240.0,237.0,237.0,212.03,32247324.0
2017-11-28,234.5,235.0,233.0,234.0,209.35,44803178.0
2017-11-29,235.0,236.0,234.5,234.5,209.8,25762797.0
2017-11-30,226.5,230.5,226.0,226.0,202.19,109231770.0
2017-12-01,228.5,233.5,227.5,231.0,206.66,37446265.0
2017-12-04,232.5,234.5,231.0,234.0,209.35,21635032.0
2017-12-05,231.0,231.0,228.5,229.5,205.32,29664765.0
2017-12-06,228.0,229.5,226.5,227.0,203.09,32371690.0
2017-12-07,226.5,226.5,222.5,226.5,202.64,41343903.0
2017-12-08,231.0,231.0,224.5,227.0,203.09,37959260.0
2017-12-11,228.5,229.0,227.0,227.5,203.53,20649609.0
2017-12-12,229.5,229.5,225.0,227.5,203.53,21796584.0
2017-12-13,227.5,228.0,226.5,227.0,203.09,17920331.0
2017-12-14,228.0,230.5,227.5,230.5,206.22,17193313.0
2017-12-15,228.5,230.0,226.5,230.0,205.77,42625779.0
2017-12-18,227.0,228.0,226.5,227.0,203.09,14564664.0
2017-12-19,226.5,228.5,224.0,225.0,201.3,25714129.0
2017-12-20,225.0,225.5,223.5,224.5,200.85,26289333.0
2017-12-21,226.5,227.0,224.5,225.0,201.3,18558164.0
2017-12-22,225.0,227.5,224.0,227.5,203.53,19036483.0
2017-12-25,228.0,229.5,226.5,228.5,204.43,4579675.0
2017-12-26,229.0,229.0,225.0,226.0,202.19,13755843.0
2017-12-27,225.0,226.0,225.0,225.0,201.3,12515245.0
2017-12-28,226.5,228.0,225.0,226.0,202.19,24304371.0
2017-12-29,227.5,230.0,226.5,229.5,205.32,25007443.0
2018-01-02,231.5,232.5,231.0,232.5,208.01,18055269.0
2018-01-03,236.0,238.0,235.5,237.0,212.03,29308091.0
2018-01-04,240.0,240.0,236.5,239.5,214.27,29096613.0
2018-01-05,240.0,240.0,238.0,240.0,214.72,22438255.0
2018-01-08,242.0,242.5,240.5,242.0,216.51,20233692.0
2018-01-09,242.0,242.0,239.5,242.0,216.51,19043123.0
2018-01-10,241.5,242.0,236.0,236.5,211.59,23631220.0
2018-01-11,235.0,236.0,232.5,235.0,210.24,30446338.0
2018-01-12,234.5,238.0,233.5,237.0,212.03,21513291.0
2018-01-15,240.0,240.0,238.0,240.0,214.72,27476533.0
2018-01-16,240.0,240.5,238.0,240.5,215.16,21691632.0
2018-01-17,240.5,243.0,239.0,242.0,216.51,38046119.0
2018-01-18,245.0,250.0,245.0,248.5,222.32,49896952.0
2018-01-19,253.5,255.5,251.5,255.5,228.58,50549292.0
2018-01-22,257.5,262.0,257.0,261.5,233.95,43400509.0
2018-01-23,262.5,266.0,262.5,266.0,237.98,33527444.0
2018-01-24,263.0,263.0,256.5,258.0,230.82,41874813.0
2018-01-25,258.0,264.0,256.5,258.0,230.82,44643756.0
2018-01-26,256.5,257.5,253.5,255.0,228.14,39555523.0
2018-01-29,259.0,261.5,255.0,258.5,231.27,30071234.0
2018-01-30,256.0,257.5,252.5,253.0,226.35,36860591.0
2018-01-31,253.0,257.5,252.0,255.0,228.14,44136808.0
2018-02-01,257.5,261.0,257.0,259.5,232.16,30559457.0
2018-02-02,259.0,260.0,255.0,259.5,232.16,25707560.0
2018-02-05,251.0,254.5,250.5,253.0,226.35,45594379.0
2018-02-06,242.5,243.5,234.0,239.0,213.82,102409048.0
2018-02-07,245.0,245.5,239.5,240.0,214.72,80063178.0
2018-02-08,239.5,242.0,238.0,238.5,213.37,30989550.0
2018-02-09,230.0,233.0,228.5,232.5,208.01,65735265.0
2018-02-12,235.5,237.5,235.0,236.5,211.59,35635236.0
2018-02-21,244.5,244.5,242.0,242.5,216.95,71504174.0
2018-02-22,244.0,244.0,239.0,239.5,214.27,39239993.0
2018-02-23,241.0,245.0,241.0,245.0,219.19,26985776.0
2018-02-26,247.0,247.5,245.0,246.5,220.53,35901810.0
2018-02-27,250.5,250.5,246.0,246.0,220.08,40818119.0
2018-03-01,244.0,245.0,242.0,243.0,217.4,39719984.0
2018-03-02,240.0,241.0,238.5,240.0,214.72,35139170.0
2018-03-05,242.5,243.0,240.5,241.5,216.06,27337846.0
2018-03-06,245.5,250.0,245.5,250.0,223.66,34890780.0
2018-03-07,248.0,248.5,246.0,247.0,220.98,30391219.0
2018-03-08,249.5,251.5,249.0,249.5,223.22,20645694.0
2018-03-09,250.0,251.0,248.5,250.5,224.11,19831063.0
2018-03-12,252.0,255.0,251.5,254.0,227.24,24492615.0
2018-03-13,255.5,259.0,255.0,259.0,231.71,33756883.0
2018-03-14,256.5,257.5,255.5,257.0,229.93,23772838.0
2018-03-15,258.0,258.0,255.0,255.0,228.14,19396493.0
2018-03-16,253.0,256.0,249.5,255.0,228.14,62929326.0
2018-03-19,252.5,255.5,251.0,255.0,228.14,21440766.0
2018-03-20,253.0,254.0,251.5,253.0,226.35,21840151.0
2018-03-21,255.0,255.0,251.0,252.5,225.9,28976737.0
2018-03-22,254.5,254.5,249.5,251.5,225.0,27000668.0
2018-03-23,245.0,247.0,244.0,245.0,219.19,52498390.0
2018-03-26,241.5,244.5,241.5,243.5,217.85,36987945.0
2018-03-27,248.0,251.0,247.0,251.0,224.56,31008260.0
2018-03-28,247.5,248.0,244.0,245.0,219.19,29637411.0
2018-03-29,243.0,247.0,242.5,244.0,218.29,36165345.0
2018-03-30,247.5,249.5,246.0,246.0,220.08,16996346.0
2018-04-02,248.5,249.0,245.0,246.5,220.53,17696003.0
2018-04-03,243.0,244.5,242.0,244.0,218.29,35813944.0
2018-04-09,248.0,248.0,243.5,245.0,219.19,34694824.0
2018-04-10,244.5,249.0,243.5,245.5,219.64,25156994.0
2018-04-11,246.5,248.5,246.5,248.0,221.87,21607935.0
2018-04-12,248.5,248.5,244.0,245.0,219.19,20409657.0
2018-04-13,246.0,246.0,244.0,244.5,218.74,19742548.0
2018-04-16,243.0,244.0,242.0,243.5,217.85,18350139.0
2018-04-17,243.0,243.5,237.5,238.0,212.93,42756389.0
2018-04-18,239.5,241.5,236.5,238.0,212.93,42500048.0
2018-04-19,242.0,244.5,241.0,244.5,218.74,31901989.0
2018-04-20,228.0,231.5,228.0,229.0,204.88,128452087.0
2018-04-23,226.5,227.5,225.0,226.5,202.64,71009975.0
2018-04-24,225.0,227.5,225.0,227.0,203.09,40967892.0
2018-04-25,225.5,226.0,224.0,225.0,201.3,46771110.0
2018-04-26,225.0,225.5,221.0,222.0,198.61,48023557.0
2018-04-27,225.0,225.5,221.0,223.5,199.95,34174459.0
2018-04-30,224.5,228.0,222.5,227.0,203.09,28500789.0
2018-05-02,227.0,227.5,222.5,223.0,199.51,38167942.0
2018-05-03,221.0,222.5,220.0,220.5,197.27,31690731.0
2018-05-04,221.0,224.0,220.5,223.0,199.51,27208722.0
2018-05-07,225.0,225.5,221.5,223.5,199.95,23268759.0
2018-05-08,224.0,228.5,223.5,228.0,203.98,40324763.0
2018-05-09,228.5,232.0,228.5,229.5,205.32,33778934.0
2018-05-10,231.0,231.5,229.0,229.5,205.32,27530377.0
2018-05-11,232.0,234.0,230.5,233.0,208.45,30693910.0
2018-05-14,234.5,234.5,232.5,233.0,208.45,19921437.0
2018-05-15,233.5,234.0,229.5,230.5,206.22,23771769.0
2018-05-16,229.5,230.5,228.5,230.5,206.22,14409556.0
2018-05-17,231.0,231.5,226.5,226.5,202.64,26852737.0
2018-05-18,225.5,227.5,223.5,223.5,199.95,27664541.0
2018-05-21,225.0,230.0,225.0,229.0,204.88,16127815.0
2018-05-22,230.0,233.5,229.0,229.0,204.88,22355097.0
2018-05-23,231.5,231.5,228.5,228.5,204.43,23062899.0
2018-05-24,229.5,230.0,228.5,229.0,204.88,12996610.0
2018-05-25,228.5,229.5,228.0,228.5,204.43,15971294.0
2018-05-28,229.5,230.0,226.5,227.0,203.09,16373270.0
2018-05-29,226.5,226.5,223.5,225.0,201.3,23764776.0
2018-05-30,224.0,224.0,220.5,221.0,197.72,49163788.0
2018-05-31,221.5,224.0,220.5,224.0,200.4,96069458.0
2018-06-01,224.5,226.5,224.0,224.0,200.4,27617994.0
2018-06-04,227.5,229.0,227.0,229.0,204.88,25959480.0
2018-06-05,230.0,230.0,226.5,229.0,204.88,26534884.0
2018-06-06,229.0,230.0,227.0,230.0,205.77,24767441.0
2018-06-07,231.0,231.5,228.0,230.0,205.77,24958266.0
2018-06-08,229.0,229.0,226.0,227.0,203.09,23548851.0
2018-06-11,226.5,227.0,225.0,226.0,202.19,21696933.0
2018-06-12,225.0,229.0,224.0,229.0,204.88,29501260.0
2018-06-13,229.0,232.0,228.0,232.0,207.56,28944970.0
2018-06-14,230.0,230.0,226.5,226.5,202.64,33408041.0
2018-06-15,225.0,231.0,224.0,231.0,206.66,48059679.0
2018-06-19,225.5,226.0,224.0,225.0,201.3,56889624.0
2018-06-20,224.5,227.5,223.5,226.0,202.19,40708701.0
2018-06-21,227.5,228.0,226.0,226.5,202.64,31242557.0
2018-06-22,224.5,227.5,224.0,227.5,203.53,43581409.0
2018-06-25,220.0,220.5,218.0,218.0,202.14,45025211.0
2018-06-26,215.5,216.0,212.5,214.5,198.9,38446346.0
2018-06-27,216.0,216.0,212.5,213.0,197.51,39888414.0
2018-06-28,211.0,214.5,210.0,212.0,196.58,37940780.0
2018-06-29,212.0,217.0,212.0,216.5,200.75,34313680.0
2018-07-02,218.5,219.0,214.0,214.0,198.43,32449442.0
2018-07-03,215.5,218.0,213.5,214.5,198.9,28323220.0
2018-07-04,217.0,217.5,215.5,216.0,200.29,15212295.0
2018-07-05,214.0,215.0,213.0,214.5,198.9,18225416.0
2018-07-06,217.5,217.5,215.0,217.0,201.22,29033762.0
2018-07-09,219.5,223.0,218.5,221.5,205.39,38734793.0
2018-07-10,223.0,224.0,222.0,222.0,205.85,20118957.0
2018-07-11,220.0,220.0,218.0,220.0,204.0,19854690.0
2018-07-12,218.0,222.0,218.0,220.5,204.46,23666051.0
2018-07-13,222.5,224.5,222.5,224.5,208.17,29716311.0
2018-07-16,224.5,225.0,223.5,223.5,207.24,15819254.0
2018-07-17,222.5,223.5,221.0,221.5,205.39,21548436.0
2018-07-18,223.0,224.0,222.0,223.0,206.78,39898658.0
2018-07-19,225.5,227.0,224.5,224.5,208.17,39661216.0
2018-07-20,235.0,237.5,233.0,237.5,220.22,97969023.0
2018-07-23,239.0,245.0,238.5,241.0,223.47,52256877.0
2018-07-24,240.0,241.5,238.5,241.0,223.47,27239267.0
2018-07-25,239.0,241.0,239.0,240.5,223.01,20962512.0
2018-07-26,241.0,242.5,239.5,241.0,223.47,30606388.0
2018-07-27,242.0,244.5,241.0,244.5,226.71,27129646.0
2018-07-30,244.5,245.5,244.0,245.5,227.64,22788730.0
2018-07-31,243.5,246.0,242.0,246.0,228.11,27059442.0
2018-08-01,247.0,248.0,246.5,248.0,229.96,29136161.0
2018-08-02,249.0,249.5,243.5,244.5,226.71,22402110.0
2018-08-03,246.0,248.0,245.0,247.0,229.03,24719097.0
2018-08-06,245.0,247.0,244.0,245.5,227.64,22364568.0
2018-08-07,245.0,245.5,241.5,241.5,223.93,23992418.0
2018-08-08,245.0,247.5,244.5,247.5,229.5,24382432.0
2018-08-09,247.0,248.0,246.0,247.0,229.03,15128655.0
2018-08-10,246.5,247.0,244.5,245.0,227.18,15890492.0
2018-08-13,241.5,243.0,239.0,240.5,223.01,17881194.0
2018-08-14,245.0,245.0,242.5,243.5,225.79,17358913.0
2018-08-15,244.5,244.5,239.5,241.5,223.93,18473321.0
2018-08-16,238.0,241.5,238.0,239.0,221.61,19155966.0
2018-08-17,239.5,241.0,239.0,239.5,222.08,18324474.0
2018-08-20,239.5,240.0,238.0,239.5,222.08,16933437.0
2018-08-21,239.0,241.0,238.5,241.0,223.47,12014127.0
2018-08-22,241.5,242.5,240.5,242.0,224.4,12614240.0
2018-08-23,243.0,244.5,243.0,244.5,226.71,14839240.0
2018-08-24,245.5,246.0,243.0,243.5,225.79,14355943.0
2018-08-27,246.0,246.5,244.5,245.0,227.18,15152299.0
2018-08-28,248.5,250.0,248.0,249.5,231.35,36792531.0
2018-08-29,253.5,259.0,253.5,259.0,240.16,56993182.0
2018-08-30,264.5,268.0,262.5,263.5,244.33,48957808.0
2018-08-31,257.5,259.0,254.0,256.0,237.38,69069506.0
2018-09-03,259.0,260.0,256.5,257.0,238.31,26720905.0
2018-09-04,258.5,259.5,255.5,257.5,238.77,34304615.0
2018-09-05,260.0,264.5,259.0,264.0,244.8,44864459.0
2018-09-06,268.0,268.0,261.0,261.0,242.01,35698488.0
2018-09-07,263.0,264.0,260.5,264.0,244.8,38663728.0
2018-09-10,266.5,266.5,262.5,264.5,245.26,41659795.0
2018-09-11,263.0,263.5,258.0,260.0,241.09,34350276.0
2018-09-12,261.0,262.0,258.0,260.5,241.55,37885965.0
2018-09-13,260.0,260.0,253.5,255.0,236.45,37576180.0
2018-09-14,257.0,261.5,257.0,261.0,242.01,37903219.0
2018-09-17,262.5,262.5,257.0,258.0,239.23,24765758.0
2018-09-18,256.5,257.0,254.0,254.5,235.99,33960152.0
2018-09-19,258.0,260.0,257.0,258.0,239.23,59227711.0
2018-09-20,261.5,261.5,257.5,260.0,241.09,29649071.0
2018-09-21,261.5,261.5,258.0,261.5,242.48,35012974.0
2018-09-25,261.5,264.0,260.5,263.5,244.33,24397062.0
2018-09-26,263.0,263.5,261.0,263.5,244.33,24859115.0
2018-09-27,264.0,266.0,262.0,265.0,245.72,38495371.0
2018-09-28,266.0,266.0,260.0,262.5,243.41,39626486.0
2018-10-01,262.0,264.0,261.0,263.0,243.87,22254380.0
2018-10-02,262.0,263.0,257.0,257.5,238.77,38391491.0
2018-10-03,257.5,260.0,257.0,260.0,241.09,25228536.0
2018-10-04,257.0,257.5,254.0,254.0,235.52,36408727.0
2018-10-05,250.0,253.0,248.5,250.0,231.81,40204660.0
2018-10-08,245.5,246.5,241.0,243.5,225.79,50876958.0
2018-10-09,243.5,245.0,242.0,244.0,226.25,28905345.0
2018-10-11,233.5,233.5,227.0,227.5,210.95,94589657.0
2018-10-12,231.0,237.0,229.0,237.0,219.76,47175769.0
2018-10-15,234.0,234.0,230.5,230.5,213.73,42168280.0
2018-10-16,229.5,237.0,229.0,237.0,219.76,37818077.0
2018-10-17,241.5,243.0,238.0,238.5,221.15,42494858.0
2018-10-18,238.0,239.0,235.5,236.5,219.3,25676430.0
2018-10-19,231.0,236.5,230.0,236.0,218.83,28358460.0
2018-10-22,232.5,238.0,231.5,237.0,219.76,29275777.0
2018-10-23,232.0,234.0,230.0,230.0,213.27,32827745.0
2018-10-24,230.0,231.0,227.0,229.5,212.81,44321950.0
2018-10-25,220.5,222.0,219.5,219.5,203.53,75524118.0
2018-10-26,223.0,224.0,217.0,221.0,204.92,38439644.0
2018-10-29,223.0,224.0,221.0,222.5,206.31,18463792.0
2018-10-30,221.0,225.0,220.5,223.0,206.78,28877931.0
2018-10-31,228.0,234.0,228.0,234.0,216.98,57283201.0
2018-11-01,236.0,237.0,233.0,235.5,218.37,41974797.0
2018-11-02,236.5,236.5,233.5,236.5,219.3,30722361.0
2018-11-05,233.0,235.5,232.0,235.0,217.91,25452065.0
2018-11-06,234.0,235.5,232.5,234.5,217.44,30468176.0
2018-11-07,233.0,236.0,232.5,234.0,216.98,34424652.0
2018-11-08,237.5,237.5,236.0,236.5,219.3,24739146.0
2018-11-09,234.5,234.5,231.0,231.0,214.2,23219081.0
2018-11-12,230.0,234.5,230.0,231.5,214.66,23228445.0
2018-11-13,224.5,228.0,224.5,227.5,210.95,36104127.0
2018-11-14,230.0,231.0,228.5,228.5,211.88,20028279.0
2018-11-15,229.5,232.0,228.5,231.0,214.2,22072228.0
2018-11-16,229.0,229.0,225.0,226.0,209.56,46738909.0
2018-11-19,225.0,225.0,221.0,222.0,205.85,48944754.0
2018-11-20,219.0,220.5,218.0,218.0,202.14,41569756.0
2018-11-21,214.5,220.0,214.0,219.0,203.07,35206343.0
2018-11-22,221.5,222.0,219.0,219.0,203.07,21929610.0
2018-11-23,220.5,220.5,217.0,218.5,202.61,14883334.0
2018-11-26,219.0,224.0,218.5,223.0,206.78,30599804.0
2018-11-27,220.0,224.5,219.0,224.0,207.71,26584349.0
2018-11-28,222.5,227.0,222.0,226.5,210.02,24429026.0
2018-11-29,231.5,231.5,229.0,229.0,212.34,44383207.0
2018-11-30,229.5,231.0,225.5,225.5,209.1,55827957.0
2018-12-03,231.0,235.0,231.0,235.0,217.91,45333986.0
2018-12-04,233.0,234.5,231.0,234.0,216.98,39746162.0
2018-12-05,226.5,227.5,225.0,226.0,209.56,42835576.0
2018-12-06,220.0,222.0,219.5,220.0,204.0,40149112.0
2018-12-07,222.5,223.5,220.5,221.0,204.92,25063568.0
2018-12-10,219.5,220.0,218.5,219.0,203.07,19433461.0
2018-12-11,220.0,223.0,219.0,222.5,206.31,27375220.0
2018-12-12,223.5,227.0,222.5,226.5,210.02,26433846.0
2018-12-13,227.0,227.5,225.0,226.0,209.56,32087141.0
2018-12-14,223.0,223.5,220.5,222.5,206.31,38646159.0
2018-12-17,221.0,225.0,220.0,223.5,207.24,18938952.0
2018-12-18,221.0,223.0,220.5,222.5,206.31,30203541.0
2018-12-19,222.0,225.5,222.0,225.5,209.1,23390082.0
2018-12-20,221.0,222.5,221.0,221.0,204.92,35027116.0
2018-12-21,219.0,224.0,219.0,223.5,207.24,43507532.0
2018-12-24,221.5,221.5,219.5,220.0,204.0,22976100.0
2018-12-25,215.5,218.0,215.0,217.5,201.68,19402777.0
2018-12-26,218.5,219.5,216.0,216.5,200.75,16463259.0
2018-12-27,222.0,224.0,220.5,223.0,206.78,21491484.0
2018-12-28,223.5,225.5,222.5,225.5,209.1,29456773.0
2019-01-02,226.5,226.5,219.0,219.5,203.53,32900482.0
2019-01-03,214.0,218.0,214.0,215.5,199.82,34087620.0
2019-01-04,211.5,211.5,206.5,208.0,192.87,65943521.0
2019-01-07,212.0,214.0,211.0,213.0,197.51,35442176.0
2019-01-08,212.0,212.5,210.0,211.0,195.65,22694481.0
2019-01-09,212.0,216.5,211.0,215.5,199.82,46295446.0
2019-01-10,216.0,216.5,214.5,216.0,200.29,20754593.0
2019-01-11,219.0,220.5,218.0,220.5,204.46,28102288.0
2019-01-14,218.5,220.0,217.0,218.5,202.61,17612296.0
2019-01-15,216.5,221.0,215.5,221.0,204.92,38882923.0
2019-01-16,218.5,220.0,217.5,217.5,201.68,28978282.0
2019-01-17,218.0,221.0,218.0,220.5,204.46,21163986.0
2019-01-18,219.0,220.0,217.5,218.5,202.61,49627569.0
2019-01-21,220.0,223.0,220.0,221.0,204.92,29384866.0
2019-01-22,220.0,223.0,219.0,223.0,206.78,28926483.0
2019-01-23,221.5,222.0,220.0,220.5,204.46,16671213.0
2019-01-24,222.5,222.5,220.5,222.5,206.31,26417924.0
2019-01-25,226.5,227.0,225.0,226.0,209.56,46692764.0
2019-01-28,229.5,229.5,228.0,229.0,212.34,26026257.0
2019-01-29,222.5,225.0,222.0,222.5,206.31,41122520.0
2019-01-30,220.5,221.5,220.0,221.0,204.92,44755945.0
2019-02-11,228.0,229.0,226.5,228.0,211.41,78307106.0
2019-02-12,230.0,230.0,229.0,230.0,213.27,29406670.0
2019-02-13,232.0,232.0,228.5,229.0,212.34,28634925.0
2019-02-14,229.5,230.0,226.0,227.0,210.49,23647751.0
2019-02-15,229.0,229.0,226.5,227.0,210.49,22369799.0
2019-02-18,229.0,230.5,228.5,230.0,213.27,16978916.0
2019-02-19,230.0,230.5,229.0,229.0,212.34,16577023.0
2019-02-20,231.5,234.5,231.0,234.5,217.44,30479710.0
2019-02-21,235.5,236.5,234.5,236.5,219.3,33764489.0
2019-02-22,235.5,236.5,234.0,236.5,219.3,22032163.0
2019-02-25,237.5,239.0,236.0,238.0,220.69,24105138.0
2019-02-26,239.0,240.0,236.5,239.5,222.08,24522789.0
2019-02-27,238.5,239.5,237.0,239.0,221.61,35240889.0
2019-03-04,239.5,239.5,234.5,235.5,218.37,39655513.0
2019-03-05,234.0,234.5,232.5,233.0,216.05,22641407.0
2019-03-06,235.0,235.5,233.5,234.0,216.98,20433226.0
2019-03-07,235.0,235.0,233.0,234.0,216.98,17126192.0
2019-03-08,231.0,231.5,229.0,230.0,213.27,22190659.0
2019-03-11,228.0,230.5,227.5,230.5,213.73,23200793.0
2019-03-12,233.0,237.0,232.5,235.5,218.37,23588085.0
2019-03-13,234.0,237.0,234.0,237.0,219.76,20500195.0
2019-03-14,239.0,239.0,234.0,234.5,217.44,17175356.0
2019-03-15,237.0,239.5,235.5,239.0,221.61,33649729.0
2019-03-18,239.5,241.0,239.0,241.0,223.47,26856532.0
2019-03-19,239.0,240.5,238.0,240.5,223.01,14479009.0
2019-03-20,242.0,242.0,239.5,242.0,224.4,22975971.0
2019-03-21,242.5,245.5,241.0,245.5,227.64,26179502.0
2019-03-22,248.0,248.5,244.5,248.5,230.42,22931467.0
2019-03-25,240.5,243.5,240.5,241.5,223.93,19211254.0
2019-03-26,243.0,244.0,241.0,244.0,226.25,19920170.0
2019-03-27,242.0,242.5,240.5,241.5,223.93,22590089.0
2019-03-28,240.5,242.5,240.0,242.0,224.4,13933054.0
2019-03-29,243.0,245.5,240.5,245.5,227.64,28220810.0
2019-04-01,251.0,251.0,245.0,245.5,227.64,35330656.0
2019-04-02,249.5,249.5,246.0,246.0,228.11,24105053.0
2019-04-03,249.0,249.0,246.5,246.5,228.57,24945323.0
2019-04-08,251.0,253.0,250.5,253.0,234.6,45184821.0
2019-04-09,253.0,254.0,252.0,254.0,235.52,22355674.0
2019-04-10,253.0,254.5,252.0,254.0,235.52,25849934.0
2019-04-11,253.0,254.0,251.5,252.0,233.67,24896840.0
2019-04-12,251.5,253.0,251.0,252.0,233.67,13548148.0
2019-04-15,255.0,256.0,254.0,255.5,236.91,17192002.0
2019-04-16,257.0,257.0,255.5,257.0,238.31,19652648.0
2019-04-17,260.0,263.0,259.5,261.5,242.48,37864191.0
2019-04-18,264.0,266.0,263.5,264.5,245.26,38006795.0
2019-04-19,269.0,269.5,263.5,264.5,245.26,44658699.0
2019-04-22,266.5,267.5,265.0,266.0,246.65,24967393.0
2019-04-23,266.5,268.0,266.0,268.0,248.51,25336847.0
2019-04-24,270.0,270.0,267.5,269.0,249.43,26449755.0
2019-04-25,268.5,269.0,267.0,267.5,248.04,32386724.0
2019-04-26,262.0,263.0,257.5,260.0,241.09,47518804.0
2019-04-29,260.0,262.0,258.5,259.5,240.62,31126618.0
2019-04-30,260.0,260.5,258.0,259.0,240.16,33799419.0
2019-05-02,261.5,262.5,258.5,259.0,240.16,27091394.0
2019-05-03,262.0,265.0,260.5,265.0,245.72,29840246.0
2019-05-06,260.0,260.0,258.0,259.0,240.16,32823187.0
2019-05-07,259.5,263.0,259.0,262.5,243.41,25686126.0
2019-05-08,260.0,261.5,259.5,260.0,241.09,25542364.0
2019-05-09,259.5,259.5,256.0,256.5,237.84,33587574.0
2019-05-10,257.0,259.0,255.0,256.0,237.38,18617212.0
2019-05-13,253.0,254.0,249.5,250.5,232.28,28284535.0
2019-05-14,247.5,251.0,245.0,248.5,230.42,45055708.0
2019-05-15,251.0,252.0,249.0,249.0,230.89,36825479.0
2019-05-16,248.5,249.5,246.0,247.0,229.03,29713519.0
2019-05-17,249.0,249.0,241.5,241.5,223.93,38647856.0
2019-05-20,242.5,243.0,238.0,238.0,220.69,39157661.0
2019-05-21,233.5,236.0,232.5,234.0,216.98,80042775.0
2019-05-22,236.5,240.5,235.5,238.0,220.69,34622034.0
2019-05-23,233.5,233.5,230.0,230.0,213.27,58752627.0
2019-05-24,230.0,234.0,230.0,233.0,216.05,36000789.0
2019-05-27,234.0,235.0,231.0,231.0,214.2,35562033.0
2019-05-28,232.0,232.0,230.5,230.5,213.73,95240033.0
2019-05-29,228.0,230.5,227.0,229.5,212.81,26533236.0
2019-05-30,230.0,231.5,229.0,231.0,214.2,28500328.0
2019-05-31,232.0,237.5,231.0,235.5,218.37,46070338.0
2019-06-03,235.5,238.5,232.0,238.0,220.69,31054092.0
2019-06-04,237.5,238.0,233.0,233.0,216.05,24443428.0
2019-06-05,238.0,238.0,234.0,235.0,217.91,29139584.0
2019-06-06,231.5,232.0,229.5,232.0,215.12,34651731.0
2019-06-10,237.5,240.0,234.5,240.0,222.54,35373888.0
2019-06-11,240.0,246.0,239.0,244.5,226.71,31965670.0
2019-06-12,244.5,247.5,243.0,246.0,228.11,29675556.0
2019-06-13,242.5,244.0,240.0,240.0,222.54,32981724.0
2019-06-14,238.5,239.5,236.0,236.0,218.83,31951556.0
2019-06-17,231.5,235.0,230.5,233.0,216.05,51017012.0
2019-06-18,234.0,235.5,233.0,235.5,218.37,28578087.0
2019-06-19,242.5,244.0,240.5,244.0,226.25,50164372.0
2019-06-20,242.0,245.5,241.0,245.0,227.18,37836291.0
2019-06-21,248.0,248.5,246.0,248.5,230.42,61164304.0
2019-06-24,241.0,242.0,240.0,241.0,230.9,43300507.0
2019-06-25,241.0,241.5,237.0,238.5,228.51,28559283.0
2019-06-26,235.0,236.5,234.0,234.5,224.68,27607041.0
2019-06-27,236.0,241.5,236.0,240.5,230.42,42007834.0
2019-06-28,241.5,241.5,238.0,239.0,228.99,25962203.0
2019-07-01,245.5,250.0,245.0,248.5,238.09,66307875.0
2019-07-02,249.5,250.0,247.5,249.0,238.57,24181202.0
2019-07-03,244.0,245.0,242.0,242.5,232.34,29449774.0
2019-07-04,244.5,245.0,242.5,244.0,233.78,17481240.0
2019-07-05,244.5,245.0,241.5,243.0,232.82,22867074.0
2019-07-08,240.0,244.5,240.0,242.5,232.34,27787909.0
2019-07-09,241.5,243.0,240.5,242.0,231.86,16418987.0
2019-07-10,243.0,247.0,243.0,247.0,236.65,23812131.0
2019-07-11,250.0,250.0,247.5,250.0,239.53,31160289.0
2019-07-12,252.0,252.0,249.5,250.5,240.0,23479432.0
2019-07-15,251.0,254.5,249.5,254.5,243.84,29727300.0
2019-07-16,254.0,256.5,253.5,256.0,245.27,21361249.0
2019-07-17,254.0,254.0,251.0,252.0,241.44,25573648.0
2019-07-18,252.0,254.5,251.5,254.0,243.36,20842575.0
2019-07-19,259.5,261.0,259.0,259.0,248.15,59709798.0
2019-07-22,263.0,264.0,262.0,264.0,252.94,31522639.0
2019-07-23,265.5,266.5,262.5,264.0,252.94,29273223.0
2019-07-24,266.5,266.5,263.0,265.0,253.9,23734039.0
2019-07-25,264.0,265.0,261.5,265.0,253.9,30433545.0
2019-07-26,261.0,262.5,261.0,261.0,250.06,20438071.0
2019-07-29,260.0,262.0,259.5,261.0,250.06,17509320.0
2019-07-30,262.5,263.0,260.0,260.0,249.11,22670612.0
2019-07-31,260.0,260.0,257.0,259.5,248.63,31635601.0
2019-08-01,257.5,257.5,255.5,256.5,245.75,30017526.0
2019-08-02,252.0,253.5,250.5,251.5,240.96,54021644.0
2019-08-05,251.0,252.0,245.5,246.5,236.17,51535721.0
2019-08-06,240.0,250.0,240.0,248.5,238.09,58625879.0
2019-08-07,250.0,250.5,246.5,248.0,237.61,29435460.0
2019-08-08,248.0,254.0,248.0,253.5,242.88,29725266.0
2019-08-12,254.5,254.5,251.0,251.0,240.48,21794603.0
2019-08-13,249.0,249.5,246.5,246.5,236.17,23121107.0
2019-08-14,252.5,254.0,249.5,249.5,239.05,35216703.0
2019-08-15,247.0,248.5,246.0,248.0,237.61,27624412.0
2019-08-16,249.5,252.0,248.0,250.0,239.53,25370715.0
2019-08-19,251.5,253.0,250.5,252.0,241.44,24060514.0
2019-08-20,254.0,254.5,252.5,254.5,243.84,19960494.0
2019-08-21,254.5,255.0,253.0,254.5,243.84,20269296.0
2019-08-22,257.0,257.5,254.0,254.0,243.36,21900840.0
2019-08-23,253.5,254.5,253.0,254.0,243.36,14166877.0
2019-08-26,249.0,250.5,248.5,248.5,238.09,31678620.0
2019-08-27,250.5,251.0,248.5,250.0,239.53,50234951.0
2019-08-28,250.5,253.0,250.5,252.0,241.44,15132882.0
2019-08-29,253.0,254.0,251.0,254.0,243.36,19587767.0
2019-08-30,256.5,259.0,256.0,259.0,248.15,35184201.0
2019-09-02,258.0,258.0,256.0,257.5,246.71,14614854.0
2019-09-03,256.5,258.0,253.0,254.0,243.36,25762495.0
2019-09-04,254.0,258.0,254.0,257.5,246.71,22540733.0
2019-09-05,263.0,263.0,260.5,263.0,251.98,48791728.0
2019-09-06,265.0,265.0,263.0,263.5,252.46,25408515.0
2019-09-10,263.5,264.0,260.5,261.5,250.54,29308866.0
2019-09-11,264.0,264.5,260.5,263.0,251.98,36196015.0
2019-09-12,265.0,265.0,261.5,262.5,251.5,26017293.0
2019-09-16,262.0,265.5,261.5,265.5,254.38,32573966.0
2019-09-17,266.5,266.5,264.5,265.0,253.9,27600844.0
2019-09-18,267.0,269.5,266.5,267.0,255.81,47684759.0
2019-09-19,268.0,268.0,264.0,265.0,255.81,25233567.0
2019-09-20,266.0,266.5,264.0,264.0,254.85,43868865.0
2019-09-23,264.0,264.0,263.0,264.0,254.85,13093208.0
2019-09-24,263.5,265.5,262.0,265.0,255.81,24244943.0
2019-09-25,262.5,266.0,262.0,266.0,256.78,21003163.0
2019-09-26,269.0,269.5,266.5,268.0,258.71,29940103.0
2019-09-27,271.5,272.5,271.0,272.0,262.57,41235817.0
2019-10-01,273.0,280.5,273.0,280.0,270.29,71743890.0
2019-10-02,280.0,281.0,279.0,279.5,269.81,29295953.0
2019-10-03,274.0,277.5,274.0,276.5,266.91,31890864.0
2019-10-04,279.5,280.0,275.0,276.5,266.91,35169613.0
2019-10-07,279.0,279.5,277.5,278.0,268.36,17510230.0
2019-10-08,283.5,286.5,282.5,286.5,276.57,35278551.0
2019-10-09,283.5,286.0,282.0,282.0,272.22,34777456.0
2019-10-14,291.5,291.5,288.5,290.0,279.95,46683517.0
2019-10-15,293.5,296.0,292.0,293.5,283.33,38018567.0
2019-10-16,298.0,298.0,293.5,296.5,286.22,40297144.0
2019-10-17,295.0,295.5,292.0,293.5,283.33,40271938.0
2019-10-18,293.0,295.5,291.0,293.0,282.84,45102984.0
2019-10-21,291.0,291.0,288.5,290.0,279.95,34634365.0
2019-10-22,292.5,294.0,291.5,294.0,283.81,26005020.0
2019-10-23,293.5,293.5,290.5,293.0,282.84,28675408.0
2019-10-24,294.5,294.5,291.0,293.0,282.84,29040827.0
2019-10-25,294.5,294.5,292.5,293.5,283.33,22682711.0
2019-10-28,295.0,295.5,294.0,294.5,284.29,20076561.0
2019-10-29,297.0,298.5,296.5,298.5,288.15,36682131.0
2019-10-30,298.5,299.5,296.5,299.5,289.12,32370342.0
2019-10-31,300.0,301.5,298.5,298.5,288.15,40944514.0
2019-11-01,299.5,299.5,296.5,299.0,288.63,30121678.0
2019-11-04,302.5,308.0,301.0,307.0,296.36,44899671.0
2019-11-05,307.5,310.5,307.0,310.5,299.74,32201184.0
2019-11-06,309.0,311.5,308.0,311.0,300.22,22149743.0
2019-11-07,310.0,310.0,306.5,309.0,298.29,28291659.0
2019-11-08,308.5,309.0,305.5,305.5,294.91,25651542.0
2019-11-11,305.0,305.0,300.0,301.0,290.57,35165583.0
2019-11-12,302.5,305.0,302.0,305.0,294.43,17540708.0
2019-11-13,303.0,304.0,301.5,304.0,293.46,18172438.0
2019-11-14,304.5,305.0,302.0,303.5,292.98,15734835.0
2019-11-15,305.5,307.5,304.5,307.0,296.36,28848445.0
2019-11-18,308.5,311.0,307.0,311.0,300.22,18691325.0
2019-11-19,312.5,315.0,311.0,315.0,304.08,31634197.0
2019-11-20,314.0,314.0,312.0,313.5,302.63,22387973.0
2019-11-21,309.5,311.0,307.0,311.0,300.22,28108833.0
2019-11-22,310.0,310.5,308.0,309.0,298.29,24737984.0
2019-11-25,310.5,310.5,307.0,307.0,296.36,19530177.0
2019-11-26,310.0,310.5,307.0,307.0,296.36,101224622.0
2019-11-27,307.5,311.5,307.5,311.0,300.22,18467648.0
2019-11-28,310.0,312.0,308.5,309.5,298.77,19077982.0
2019-11-29,309.0,309.5,305.0,305.0,294.43,30963561.0
2019-12-02,307.0,308.0,306.5,307.5,296.84,24016807.0
2019-12-03,305.0,307.0,305.0,307.0,296.36,24690319.0
2019-12-04,305.0,306.0,304.0,306.0,295.39,25492686.0
2019-12-05,309.0,312.0,309.0,312.0,301.18,34521842.0
2019-12-06,315.0,316.0,311.0,313.0,302.15,17695703.0
2019-12-09,314.0,316.5,314.0,316.0,305.05,23256081.0
2019-12-10,315.0,315.5,312.5,313.5,302.63,20570594.0
2019-12-11,314.0,319.0,313.0,319.0,307.94,31223148.0
2019-12-12,325.0,334.5,324.0,331.5,320.01,52742851.0
2019-12-13,340.0,343.0,338.0,339.0,327.25,58198939.0
2019-12-16,336.5,338.5,336.0,336.0,324.35,102188.0
2019-12-17,335.0,345.0,335.0,345.0,333.04,40813458.0
2019-12-18,341.5,345.0,341.5,344.5,332.56,39682841.0
2019-12-19,340.0,342.0,335.0,335.0,325.75,54888012.0
2019-12-20,332.0,333.0,328.5,329.0,319.92,86280459.0
2019-12-23,329.5,334.0,329.5,334.0,324.78,26639340.0
2019-12-24,334.0,334.5,332.0,332.0,322.83,13488907.0
2019-12-25,332.0,334.5,331.0,333.0,323.81,12262954.0
2019-12-26,333.0,334.0,331.5,333.0,323.81,11427884.0
2019-12-27,335.0,338.0,335.0,338.0,328.67,16677806.0
2019-12-30,338.0,339.0,334.0,334.5,325.26,21531263.0
2019-12-31,331.0,333.5,331.0,331.0,321.86,22890517.0
2020-01-02,332.5,339.0,332.5,339.0,329.64,31754120.0
2020-01-03,344.0,345.0,335.5,339.5,330.13,41811268.0
2020-01-06,333.0,334.5,332.0,332.0,322.83,45343057.0
2020-01-07,332.5,333.0,326.5,329.5,320.4,50879181.0
2020-01-08,325.0,333.0,325.0,329.5,320.4,37567748.0
2020-01-09,335.0,337.5,333.5,337.5,328.18,31481504.0
2020-01-10,340.5,341.0,336.0,339.5,330.13,27032115.0
2020-01-13,342.0,342.0,339.0,341.5,332.07,30663332.0
2020-01-14,345.5,346.0,344.5,346.0,336.45,30223993.0
2020-01-15,345.0,345.0,337.5,340.0,330.61,47434274.0
2020-01-16,330.0,336.5,330.0,334.5,325.26,55211420.0
2020-01-17,334.0,335.5,332.0,333.0,323.81,52060097.0
2020-01-20,334.0,335.5,333.0,333.0,323.81,32658203.0
2020-01-30,326.0,326.0,316.5,316.5,307.76,125451049.0
2020-01-31,323.0,323.5,319.0,320.0,311.16,62526055.0
2020-02-03,315.0,316.5,312.0,315.0,306.3,59560849.0
2020-02-04,336.5,337.0,325.0,325.0,316.03,51890496.0
2020-02-05,329.0,329.5,324.5,327.5,318.46,36601453.0
2020-02-06,329.5,332.5,329.0,332.5,323.32,29267094.0
2020-02-07,330.0,330.5,326.0,328.0,318.94,28798327.0
2020-02-10,321.5,328.0,321.0,327.5,318.46,30632424.0
2020-02-11,330.5,332.5,330.0,331.5,322.35,27524935.0
2020-02-12,333.5,336.0,333.0,335.0,325.75,37612639.0
2020-02-13,338.0,338.0,335.0,335.0,325.75,22757021.0
2020-02-14,337.0,337.0,334.5,335.0,325.75,16933683.0
2020-02-17,331.5,333.0,330.5,331.5,322.35,15937079.0
2020-02-18,324.5,326.5,322.0,322.0,313.11,61825604.0
2020-02-19,322.5,327.0,322.0,326.5,317.49,38781218.0
2020-02-20,328.0,329.0,325.0,325.5,316.51,27011736.0
2020-02-21,325.5,326.5,323.0,325.0,316.03,22813534.0
2020-02-24,319.5,321.5,319.5,320.0,311.16,41693680.0
2020-02-25,320.0,323.5,317.5,322.0,313.11,36195011.0
2020-02-26,317.0,320.5,316.5,318.5,309.71,60479362.0
2020-02-27,319.0,320.0,315.0,316.0,307.28,61250927.0
2020-03-02,308.0,317.0,308.0,311.0,302.41,79912942.0
2020-03-03,318.5,320.0,316.0,317.5,308.73,49679411.0
2020-03-04,322.0,322.0,317.0,320.5,311.65,42941146.0
2020-03-05,325.0,326.0,323.0,323.0,314.08,37861525.0
2020-03-06,320.0,320.5,315.0,315.0,306.3,51546760.0
2020-03-09,307.5,310.0,305.5,305.5,297.07,87871277.0
2020-03-10,301.5,309.0,301.0,307.0,298.52,71950130.0
2020-03-11,309.0,310.5,302.0,302.0,293.66,62216710.0
2020-03-12,299.0,299.0,287.0,294.0,285.88,113527351.0
2020-03-13,275.0,294.0,272.5,290.0,281.99,149995148.0
2020-03-16,285.0,291.0,275.5,276.5,268.87,103873228.0
2020-03-17,265.0,276.5,265.0,268.0,260.6,121323651.0
2020-03-18,269.5,272.5,260.0,260.0,252.82,117437643.0
2020-03-19,252.0,253.0,235.5,248.0,243.49,160811697.0
2020-03-20,258.5,270.0,256.0,270.0,265.09,157664726.0
2020-03-23,257.0,262.5,252.0,255.0,250.37,76466709.0
2020-03-24,268.0,274.0,266.0,267.5,262.64,81952933.0
2020-03-25,276.5,280.0,274.0,277.0,271.97,79447199.0
2020-03-26,279.5,280.0,275.5,280.0,274.91,52845633.0
2020-03-27,284.0,286.0,273.0,273.0,268.04,68752306.0
2020-03-30,263.5,269.0,262.5,267.5,262.64,49159956.0
2020-03-31,273.0,274.0,269.5,274.0,269.02,48837923.0
2020-04-01,276.5,276.5,271.5,271.5,266.57,44515034.0
2020-04-06,273.0,275.5,270.0,275.5,270.49,56392754.0
2020-04-07,283.5,284.0,280.5,283.0,277.86,48787346.0
2020-04-08,285.0,285.5,283.0,285.0,279.82,37912826.0
2020-04-09,287.5,288.0,282.5,283.0,277.86,27620430.0
2020-04-10,280.0,282.0,279.0,279.5,274.42,27252858.0
2020-04-13,278.5,281.5,278.5,278.5,273.44,22196596.0
2020-04-14,281.0,285.5,280.0,285.0,279.82,48809688.0
2020-04-15,287.0,288.5,286.0,287.5,282.28,55216434.0
2020-04-16,283.0,288.5,283.0,286.5,281.29,47815280.0
2020-04-17,303.5,308.5,300.5,306.5,300.93,116368201.0
2020-04-20,308.0,309.0,302.5,304.0,298.48,41381669.0
2020-04-21,300.5,301.5,293.5,295.0,289.64,61479357.0
2020-04-22,294.5,295.0,290.5,294.0,288.66,42192580.0
2020-04-23,300.0,300.0,294.0,295.5,290.13,39474478.0
2020-04-24,295.5,297.0,294.0,294.0,288.66,26008090.0
2020-04-27,298.0,298.5,296.0,298.0,292.59,38493406.0
2020-04-28,298.5,298.5,294.5,296.5,291.11,37395165.0
2020-04-29,299.0,301.5,298.0,299.0,293.57,44059301.0
2020-04-30,302.0,305.0,301.5,304.5,298.97,55126085.0
2020-05-04,294.5,296.5,294.0,295.0,289.64,71581861.0
2020-05-05,296.5,298.0,295.0,295.5,290.13,23547405.0
2020-05-06,294.5,296.0,292.5,296.0,290.62,34240479.0
2020-05-07,294.5,299.0,294.5,297.5,292.09,27621198.0
2020-05-08,300.0,300.0,296.0,297.5,292.09,32295893.0
2020-05-11,300.0,301.5,298.5,301.0,295.53,28727019.0
2020-05-12,297.5,298.5,295.0,295.0,289.64,52089788.0
2020-05-13,293.0,297.0,292.5,297.0,291.6,26156418.0
2020-05-14,293.0,295.0,292.5,293.0,287.68,34315948.0
2020-05-15,297.5,298.5,294.5,298.0,292.59,42494804.0
2020-05-18,291.0,293.5,290.0,290.0,284.73,84986065.0
2020-05-19,294.0,294.0,291.5,291.5,286.2,51250214.0
2020-05-20,293.0,294.0,291.0,294.0,288.66,32677994.0
2020-05-21,296.0,298.0,295.0,297.5,292.09,30997468.0
2020-05-22,294.5,295.0,291.0,292.0,286.69,40192923.0
2020-05-25,290.5,293.0,288.5,292.0,286.69,26803223.0
2020-05-26,295.0,297.5,293.5,295.5,290.13,33856481.0
2020-05-27,297.0,298.0,295.5,296.5,291.11,23375959.0
2020-05-28,298.5,298.5,293.0,294.0,288.66,28444568.0
2020-05-29,292.0,292.5,290.0,292.0,286.69,79774181.0
2020-06-01,294.0,296.5,293.5,295.5,290.13,35811214.0
2020-06-02,296.0,297.5,296.0,296.5,291.11,24771587.0
2020-06-03,300.0,301.0,298.0,301.0,295.53,65176337.0
2020-06-04,305.0,306.0,304.0,306.0,300.44,46572451.0
2020-06-05,308.5,312.0,308.0,311.5,305.84,42981262.0
2020-06-08,316.0,319.0,315.0,318.0,312.22,50302921.0
2020-06-09,316.5,319.0,314.0,319.0,313.2,36417082.0
2020-06-10,319.0,324.0,318.0,322.5,316.64,39984259.0
2020-06-11,325.5,327.0,318.5,320.5,314.68,50104255.0
2020-06-12,313.0,317.5,312.5,316.0,310.26,45992918.0
2020-06-15,316.0,317.5,308.5,309.5,303.88,51032404.0
2020-06-16,317.0,317.0,314.0,315.0,309.28,36608216.0
2020-06-17,316.5,317.0,313.5,315.0,309.28,34522968.0
2020-06-18,314.5,315.0,313.0,314.5,311.26,29044474.0
2020-06-19,314.0,314.5,312.0,314.5,311.26,48130280.0
2020-06-22,314.5,316.5,312.0,312.0,308.78,37374616.0
2020-06-23,316.0,316.5,312.5,315.0,311.75,41300084.0
2020-06-24,319.0,320.0,316.0,317.5,314.23,54147024.0
2020-06-29,314.0,315.0,310.0,312.0,308.78,56580892.0
2020-06-30,313.5,314.0,311.0,313.0,309.77,48991860.0
2020-07-01,315.0,318.0,314.0,317.5,314.23,29532342.0
2020-07-02,319.0,322.0,318.0,322.0,318.68,34526178.0
2020-07-03,327.0,330.5,326.5,329.5,326.1,53341987.0
2020-07-06,332.5,338.0,332.0,338.0,334.51,57256220.0
2020-07-07,343.5,346.0,338.0,338.5,335.01,59046323.0
2020-07-08,337.5,342.5,337.5,341.0,337.48,30720218.0
2020-07-09,346.0,347.0,343.0,345.0,341.44,35522376.0
2020-07-10,352.5,353.0,345.5,348.5,344.91,60902108.0
2020-07-13,351.0,354.5,350.5,354.5,350.84,48069523.0
2020-07-14,355.0,364.0,354.5,363.5,359.75,61764150.0
2020-07-15,366.0,370.0,361.0,363.0,359.26,73438362.0
2020-07-16,359.0,361.0,353.5,357.5,353.81,68220512.0
2020-07-17,361.0,369.0,360.0,367.0,363.21,65727485.0
2020-07-20,370.0,370.0,362.5,366.0,362.22,42769238.0
2020-07-21,372.5,387.0,371.5,383.0,379.05,64219128.0
2020-07-22,381.0,386.0,379.0,384.0,380.04,43759670.0
2020-07-23,382.0,383.0,379.0,381.5,377.56,45209282.0
2020-07-24,390.0,395.0,382.0,386.0,382.02,86682734.0
2020-07-27,420.5,424.5,416.5,424.5,420.12,99333798.0
2020-07-28,464.0,466.5,428.5,435.0,430.51,166307746.0
2020-07-29,428.0,431.5,419.5,422.0,417.65,85663166.0
2020-07-30,436.5,441.0,428.5,434.0,429.52,69293949.0
2020-07-31,426.0,432.0,425.5,425.5,421.11,49897674.0
2020-08-03,420.5,424.0,415.0,416.0,411.71,76429571.0
2020-08-04,421.5,425.5,418.5,425.5,421.11,41223445.0
2020-08-05,430.5,433.5,426.0,429.0,424.57,47223834.0
2020-08-06,437.5,438.0,431.0,435.0,430.51,41029627.0
2020-08-07,433.5,434.0,428.0,433.0,428.53,36589460.0
2020-08-10,427.5,437.5,427.5,435.5,431.01,36067500.0
2020-08-11,432.0,435.0,429.0,429.0,424.57,34545313.0
2020-08-12,422.0,423.5,419.0,419.0,414.68,52143474.0
2020-08-13,428.0,429.0,424.5,429.0,424.57,44352335.0
2020-08-14,424.0,428.0,423.0,427.0,422.6,23419955.0
2020-08-17,427.0,435.0,425.5,435.0,430.51,34137731.0
2020-08-18,440.0,440.5,432.0,433.0,428.53,41643160.0
2020-08-19,436.0,436.5,427.5,427.5,423.09,31486800.0
2020-08-20,427.0,427.5,401.0,415.0,410.72,75097235.0
2020-08-21,421.5,427.0,420.0,424.5,420.12,41609467.0
2020-08-24,427.5,434.5,425.0,428.0,423.59,48375406.0
2020-08-25,433.5,436.0,430.5,434.5,430.02,35977899.0
2020-08-26,435.5,442.0,435.0,442.0,437.44,39243340.0
2020-08-27,448.0,453.5,444.0,444.0,439.42,53072712.0
2020-08-28,440.0,440.5,431.0,435.0,430.51,56842210.0
2020-08-31,437.0,439.5,426.5,426.5,422.1,81480538.0
2020-09-01,430.0,435.0,428.0,435.0,430.51,37429577.0
2020-09-02,441.0,441.0,430.5,433.0,428.53,34871407.0
2020-09-03,439.5,439.5,433.5,436.0,431.5,34951617.0
2020-09-04,427.0,432.5,427.0,429.0,424.57,46119911.0
2020-09-07,428.0,432.5,425.0,426.0,421.61,32019312.0
2020-09-08,428.0,433.0,427.5,431.0,426.55,23714670.0
2020-09-09,425.0,428.0,423.0,427.0,422.6,40551362.0
2020-09-10,432.5,435.0,430.5,435.0,430.51,35098921.0
2020-09-11,435.5,436.5,432.5,436.5,432.0,34298469.0
2020-09-14,436.0,442.0,435.5,441.0,436.45,39085833.0
2020-09-15,440.5,447.0,439.5,445.0,440.41,39061449.0
2020-09-16,460.0,462.0,455.5,458.0,453.28,64261238.0
2020-09-17,453.0,455.0,446.5,448.5,446.31,42058506.0
2020-09-18,447.0,449.5,443.0,444.0,441.83,52454922.0
2020-09-21,443.5,450.0,440.0,440.0,437.85,39463920.0
2020-09-22,440.0,441.0,436.0,437.0,434.87,36130639.0
2020-09-23,436.0,438.5,432.0,433.5,431.38,45710963.0
2020-09-24,425.5,429.0,423.0,423.0,420.93,79806381.0
2020-09-25,427.0,428.0,421.0,424.0,421.93,38775269.0
2020-09-28,427.0,431.5,424.5,431.5,429.39,34156973.0
2020-09-29,432.5,435.0,428.0,431.0,428.9,32230502.0
2020-09-30,430.5,435.0,430.5,433.0,430.89,27334204.0
2020-10-05,438.0,438.0,431.5,432.5,430.39,32945832.0
2020-10-06,441.5,442.0,437.5,439.5,437.35,35775395.0
2020-10-07,435.0,445.0,435.0,443.0,440.84,42926239.0
2020-10-08,450.0,454.0,448.5,453.0,450.79,60853811.0
2020-10-12,458.0,462.0,457.5,460.0,457.75,64719223.0
2020-10-13,465.0,465.0,456.5,462.0,459.74,45750738.0
2020-10-14,460.5,461.0,457.0,459.0,456.76,40809241.0
2020-10-15,456.0,456.5,450.0,453.0,450.79,47775028.0
2020-10-16,451.0,456.0,448.5,449.0,446.81,46876801.0
2020-10-19,453.0,457.5,451.0,457.5,455.27,34470906.0
2020-10-20,455.5,457.0,451.0,451.0,448.8,25205638.0
2020-10-21,453.5,456.0,451.0,453.0,450.79,28058921.0
2020-10-22,450.0,455.0,449.5,455.0,452.78,23438547.0
2020-10-23,458.0,458.0,451.5,452.0,449.79,18777385.0
2020-10-26,455.0,455.0,450.0,450.0,447.8,15059581.0
2020-10-27,447.5,448.5,445.5,447.0,444.82,20117660.0
2020-10-28,445.0,447.0,443.0,444.0,441.83,24710230.0
2020-10-29,436.5,439.5,435.5,437.0,434.87,41285612.0
2020-10-30,437.0,437.0,432.0,432.0,429.89,47668895.0
2020-11-02,433.0,435.5,428.0,435.5,433.37,33477443.0
2020-11-03,439.5,443.0,438.0,441.0,438.85,30328495.0
2020-11-04,444.5,451.5,443.0,450.0,447.8,37512790.0
2020-11-05,451.5,451.5,445.5,451.0,448.8,34886108.0
2020-11-06,455.0,455.5,450.0,452.5,450.29,30154140.0
2020-11-09,458.0,460.0,454.0,458.5,456.26,39245881.0
2020-11-10,452.0,454.5,448.5,451.0,448.8,34820499.0
2020-11-11,448.5,457.0,448.5,457.0,454.77,36765561.0
2020-11-12,463.0,463.5,457.5,458.0,455.76,40100880.0
2020-11-13,459.0,462.0,456.5,462.0,459.74,31037438.0
2020-11-16,470.0,484.5,469.0,484.0,481.64,81994937.0
2020-11-17,502.0,506.0,485.5,485.5,483.13,72413868.0
2020-11-18,490.0,497.0,486.5,497.0,494.57,50387727.0
2020-11-19,499.0,499.0,490.0,490.0,487.61,44220053.0
2020-11-20,486.0,490.0,486.0,488.0,485.62,32281453.0
2020-11-23,494.5,498.5,492.0,496.5,494.08,38084006.0
2020-11-24,499.5,500.0,491.5,492.0,489.6,35479226.0
2020-11-25,495.0,495.5,487.0,487.0,484.62,41419632.0
2020-11-26,489.0,493.5,488.0,489.0,486.61,28893033.0
2020-11-27,487.5,492.0,486.5,489.0,486.61,32960189.0
2020-11-30,493.0,493.5,480.5,480.5,478.15,119895176.0
2020-12-01,489.5,490.0,483.5,490.0,487.61,37018651.0
2020-12-02,499.5,500.0,493.5,499.0,496.56,50621339.0
2020-12-03,499.5,499.5,495.0,497.0,494.57,35651379.0
2020-12-04,498.5,505.0,497.5,503.0,500.54,51172005.0
2020-12-07,512.0,515.0,506.0,514.0,511.49,44271244.0
2020-12-08,514.0,525.0,509.0,524.0,521.44,40771761.0
2020-12-09,521.0,524.0,520.0,520.0,517.46,43314115.0
2020-12-10,511.0,515.0,510.0,512.0,509.5,42556926.0
2020-12-11,517.0,517.0,505.0,516.0,513.48,45660960.0
2020-12-14,512.0,513.0,508.0,508.0,505.52,30260485.0
2020-12-15,507.0,510.0,504.0,504.0,501.54,39852366.0
2020-12-16,509.0,515.0,507.0,512.0,509.5,52012348.0
2020-12-17,515.0,515.0,508.0,508.0,508.0,38215179.0
2020-12-18,508.0,512.0,507.0,510.0,510.0,39924864.0
2020-12-21,512.0,517.0,508.0,516.0,516.0,34813281.0
2020-12-22,512.0,516.0,509.0,509.0,509.0,22454277.0
2020-12-23,508.0,511.0,506.0,509.0,509.0,18086715.0
2020-12-24,511.0,512.0,508.0,510.0,510.0,14950143.0
2020-12-25,514.0,515.0,510.0,511.0,511.0,12327895.0
2020-12-28,512.0,515.0,509.0,515.0,515.0,19087382.0
2020-12-29,515.0,517.0,513.0,515.0,515.0,19907528.0
2020-12-30,516.0,525.0,514.0,525.0,525.0,46292401.0
2020-12-31,526.0,530.0,524.0,530.0,530.0,29970398.0
2021-01-04,530.0,540.0,528.0,536.0,536.0,38770328.0
2021-01-05,536.0,542.0,535.0,542.0,542.0,34411866.0
2021-01-06,555.0,555.0,541.0,549.0,549.0,53030554.0
2021-01-07,554.0,570.0,553.0,565.0,565.0,51166782.0
2021-01-08,580.0,580.0,571.0,580.0,580.0,59563555.0
2021-01-11,577.0,584.0,574.0,584.0,584.0,48810990.0
2021-01-12,583.0,597.0,582.0,591.0,591.0,50232426.0
2021-01-13,595.0,605.0,593.0,605.0,605.0,62662393.0
2021-01-14,587.0,597.0,587.0,593.0,593.0,42682960.0
